{"sequential": {"loss": [2.2191386222839355, 1.0493255853652954, 1.0053988695144653, 0.9347991347312927, 0.9236235618591309, 0.8898317217826843, 0.8556395173072815, 0.9421453475952148, 0.7823913097381592, 0.7421495914459229, 0.6874940395355225, 0.647197961807251, 0.6194796562194824, 0.6168927550315857, 0.5946022868156433, 0.5643750429153442, 0.5598332285881042, 0.5542424321174622, 0.5491014122962952, 0.5163047313690186, 0.5463714003562927, 0.5331888198852539, 0.5455179214477539, 0.4825785756111145, 0.47283998131752014, 0.4630165100097656, 0.4346337914466858, 0.44774308800697327, 0.4494222402572632, 0.43330419063568115, 0.397862046957016, 0.3767086863517761, 0.4043998420238495, 0.3880132734775543, 0.40015709400177, 0.3938506245613098, 0.39066559076309204, 0.3993074595928192, 0.3526413142681122, 0.32933509349823, 0.34139955043792725, 0.3337811231613159, 0.3259267210960388, 0.3577128052711487, 0.3244388997554779, 0.3057824671268463, 0.33382347226142883, 0.34921109676361084, 0.32631292939186096, 0.30262669920921326], "accuracy": [0.504623532295227, 0.5927533507347107, 0.5984147787094116, 0.6027552485466003, 0.615776538848877, 0.6406869292259216, 0.6657859683036804, 0.6531420946121216, 0.7001320719718933, 0.7110775709152222, 0.73051518201828, 0.751085102558136, 0.7516512274742126, 0.7652387022972107, 0.7675033211708069, 0.7782600522041321, 0.7759954929351807, 0.7812795042991638, 0.7827892303466797, 0.7948669791221619, 0.7805246114730835, 0.7967541217803955, 0.7899603843688965, 0.8141158819198608, 0.8118512630462646, 0.8220418691635132, 0.8277033567428589, 0.8290243148803711, 0.8297792077064514, 0.8382713794708252, 0.8497830033302307, 0.8563879728317261, 0.8482732772827148, 0.8533685803413391, 0.8526136875152588, 0.8580864071846008, 0.8539347052574158, 0.8543121218681335, 0.8663898706436157, 0.8786563277244568, 0.8735610246658325, 0.8839403390884399, 0.8760143518447876, 0.8695980310440063, 0.8818644881248474, 0.8899792432785034, 0.8790338039398193, 0.8709190487861633, 0.8846952319145203, 0.890734076499939], "val_loss": [1.039459228515625, 0.9456691145896912, 0.9171951413154602, 0.9597718119621277, 0.8268789052963257, 0.8760519027709961, 0.7593579292297363, 0.6911910176277161, 0.7226610779762268, 0.5959516763687134, 0.6511292457580566, 0.719941258430481, 0.577092170715332, 0.5780049562454224, 0.4539524018764496, 0.679615318775177, 0.508215069770813, 0.4713379442691803, 0.4503483176231384, 0.39731937646865845, 0.3747175931930542, 0.6138315200805664, 0.44102272391319275, 0.4757882058620453, 0.47076112031936646, 0.35090532898902893, 0.39449575543403625, 0.3785330355167389, 0.3790515065193176, 0.29311463236808777, 0.36268511414527893, 0.2989621162414551, 0.3112982213497162, 0.35177984833717346, 0.3257378935813904, 0.30452683568000793, 0.33879637718200684, 0.3202247619628906, 0.2902740240097046, 0.28012776374816895, 0.24326397478580475, 0.2352314293384552, 0.23452885448932648, 0.2537902295589447, 0.25568124651908875, 0.25848907232284546, 0.314439594745636, 0.3880114257335663, 0.23328177630901337, 0.23658841848373413], "val_accuracy": [0.5665658116340637, 0.5869894027709961, 0.6217851638793945, 0.6006051301956177, 0.6505295038223267, 0.6384266018867493, 0.670953094959259, 0.7178517580032349, 0.7133131623268127, 0.7564296722412109, 0.7322239279747009, 0.7269288897514343, 0.770801842212677, 0.7700453996658325, 0.8335855007171631, 0.7163388729095459, 0.7995461225509644, 0.7980332970619202, 0.8305597305297852, 0.8570348024368286, 0.8645991086959839, 0.7435703277587891, 0.8282904624938965, 0.8199697136878967, 0.8252647519111633, 0.8683812618255615, 0.8638426661491394, 0.8547655344009399, 0.8547655344009399, 0.8940998315811157, 0.8797276616096497, 0.8888048529624939, 0.891830563545227, 0.8842662572860718, 0.8903176784515381, 0.891830563545227, 0.8782148361206055, 0.8948562741279602, 0.8925870060920715, 0.8956127166748047, 0.9243570566177368, 0.9183055758476257, 0.9296520352363586, 0.9092284440994263, 0.9122541546821594, 0.9160363078117371, 0.8956127166748047, 0.8540090918540955, 0.9183055758476257, 0.9243570566177368]}, "sequential_1": {"loss": [2.388897180557251, 1.078192949295044, 1.024369239807129, 0.9821393489837646, 0.9490965008735657, 0.9044033885002136, 0.8270103335380554, 0.8360499143600464, 0.7316025495529175, 0.692444384098053, 0.6699715852737427, 0.6501473784446716, 0.6202475428581238, 0.6155232787132263, 0.559266209602356, 0.5378658175468445, 0.5480192303657532, 0.5081673264503479, 0.5351672768592834, 0.5087617635726929, 0.48298999667167664, 0.49335038661956787, 0.49400946497917175, 0.4863559901714325, 0.4732022285461426, 0.4362110197544098, 0.4348614811897278, 0.43393123149871826, 0.456302285194397, 0.4252932369709015, 0.39451539516448975, 0.38588055968284607, 0.40309542417526245, 0.3963826596736908, 0.35369136929512024, 0.39980536699295044, 0.4008519649505615, 0.36417606472969055, 0.3605917692184448, 0.3484918773174286, 0.34128662943840027, 0.3464757800102234, 0.3422030210494995, 0.374952495098114, 0.34784993529319763, 0.3843303620815277, 0.35066500306129456, 0.3634849786758423, 0.3320241868495941, 0.3355385959148407], "accuracy": [0.40894508361816406, 0.556708812713623, 0.6161540150642395, 0.5927533507347107, 0.6467257738113403, 0.6493678092956543, 0.6852236390113831, 0.678429901599884, 0.7144744396209717, 0.7242876291275024, 0.7450462579727173, 0.7454236745834351, 0.7548593878746033, 0.7658048868179321, 0.7769390344619751, 0.7943007946014404, 0.787884533405304, 0.8116625547409058, 0.8027929663658142, 0.8048688173294067, 0.8203434348106384, 0.811285138130188, 0.81675785779953, 0.8122287392616272, 0.8210983276367188, 0.8360068202018738, 0.8380826711654663, 0.8363842368125916, 0.8311002254486084, 0.8471409678459167, 0.8505378365516663, 0.8601623177528381, 0.8492168188095093, 0.8503491282463074, 0.8720513582229614, 0.8501604199409485, 0.8526136875152588, 0.872806191444397, 0.8677108883857727, 0.8745046257972717, 0.8807322382926941, 0.8752594590187073, 0.8763917684555054, 0.8641253113746643, 0.876957893371582, 0.8639366030693054, 0.8729948997497559, 0.8699754476547241, 0.8824306726455688, 0.8773353695869446], "val_loss": [1.0430349111557007, 1.02366304397583, 1.0503698587417603, 0.8234362602233887, 0.7712876796722412, 0.7511090040206909, 0.9232885241508484, 0.6395444869995117, 0.5682771801948547, 0.5545682311058044, 0.5631572604179382, 0.5421615839004517, 0.4636259973049164, 0.48567405343055725, 0.48977988958358765, 0.4978620111942291, 0.43357864022254944, 0.6082557439804077, 0.4945487976074219, 0.42722001671791077, 0.39998161792755127, 0.3742930293083191, 0.35002321004867554, 0.5455514192581177, 0.36578354239463806, 0.4507353901863098, 0.3219117522239685, 0.4296850562095642, 0.34362727403640747, 0.2978036105632782, 0.3637356758117676, 0.3910652995109558, 0.27769026160240173, 0.30980101227760315, 0.3083561360836029, 0.29525119066238403, 0.323268860578537, 0.25583788752555847, 0.302700400352478, 0.26686111092567444, 0.29536762833595276, 0.22263704240322113, 0.25245681405067444, 0.4586712121963501, 0.3074469268321991, 0.3809652328491211, 0.32701995968818665, 0.2295621633529663, 0.3072928488254547, 0.2471313178539276],