{"sequential": {"loss": [2.1688530445098877, 1.0835413932800293, 0.9891005158424377, 1.0793416500091553, 0.9427797794342041, 0.9525288939476013, 0.8204841017723083, 0.8474848866462708, 0.8175399303436279, 0.7246277928352356, 0.8228614330291748, 0.7508673071861267, 0.702306866645813, 0.6565883755683899, 0.6353948712348938, 0.6195894479751587, 0.6011538505554199, 0.5627983212471008, 0.5665527582168579, 0.5853618383407593, 0.5564624667167664, 0.5338206887245178, 0.5292626619338989, 0.5221483111381531, 0.481361448764801, 0.45629826188087463, 0.5048912167549133, 0.45426130294799805, 0.4515836238861084, 0.46900689601898193, 0.4483495056629181, 0.4301742613315582, 0.41823163628578186, 0.38221707940101624, 0.35553571581840515, 0.3579873740673065, 0.3890145719051361, 0.35434064269065857, 0.35312405228614807, 0.34804150462150574, 0.34122994542121887, 0.3286488652229309, 0.3313392698764801, 0.3166550099849701, 0.315145879983902, 0.3137880265712738, 0.30196496844291687, 0.3189874589443207, 0.3055775761604309, 0.285548597574234], "accuracy": [0.5093413591384888, 0.5353840589523315, 0.5957728028297424, 0.6176636815071106, 0.6106812357902527, 0.6237025856971741, 0.6820154786109924, 0.6946593523025513, 0.6878656148910522, 0.7133421301841736, 0.6808831691741943, 0.710133969783783, 0.7352330684661865, 0.738629937171936, 0.7561804056167603, 0.7474995255470276, 0.7697678804397583, 0.7793923616409302, 0.7816569209098816, 0.7886393666267395, 0.7903378009796143, 0.7956218123435974, 0.7993960976600647, 0.804491400718689, 0.8220418691635132, 0.834308385848999, 0.8084544539451599, 0.8312889337539673, 0.8320437669754028, 0.8244951963424683, 0.8367616534233093, 0.8369503617286682, 0.8450651168823242, 0.8578976988792419, 0.8724287748336792, 0.8724287748336792, 0.8539347052574158, 0.8746933341026306, 0.8733723163604736, 0.8775240778923035, 0.8779014945030212, 0.8835629224777222, 0.8846952319145203, 0.8897905349731445, 0.8873372077941895, 0.890734076499939, 0.8937535285949707, 0.8860162496566772, 0.8928099870681763, 0.9020569920539856], "val_loss": [0.9730295538902283, 0.911737322807312, 0.8631206750869751, 0.8571474552154541, 1.4979233741760254, 0.7861568331718445, 0.7658755779266357, 0.8064109086990356, 0.6494187116622925, 0.6817634105682373, 0.7242417931556702, 0.5837413668632507, 0.6588598489761353, 0.5616067051887512, 0.6057099103927612, 0.6490921974182129, 0.6561111807823181, 0.4966137409210205, 0.44679132103919983, 0.4455822706222534, 0.44904184341430664, 0.430886834859848, 0.45281797647476196, 0.4153881371021271, 0.3191261291503906, 0.3481772840023041, 0.34165099263191223, 0.3018825352191925, 0.45285293459892273, 0.509760320186615, 0.3733096122741699, 0.3593083918094635, 0.30097731947898865, 0.32484838366508484, 0.29619550704956055, 0.43202391266822815, 0.22455507516860962, 0.25039753317832947, 0.21792976558208466, 0.1998901069164276, 0.3577515780925751, 0.26387712359428406, 0.23562993109226227, 0.24945224821567535, 0.2597139775753021, 0.17598706483840942, 0.20530933141708374, 0.23679812252521515, 0.25669291615486145, 0.19982795417308807], "val_accuracy": [0.574130117893219, 0.5862329602241516, 0.6641452312469482, 0.6800302863121033, 0.5937972664833069, 0.6573373675346375, 0.6921331286430359, 0.6618759632110596, 0.7518910765647888, 0.7405446171760559, 0.7133131623268127, 0.7639939188957214, 0.7329803109169006, 0.770801842212677, 0.7428139448165894, 0.7473524808883667, 0.7360060811042786, 0.8040847182273865, 0.8282904624938965, 0.8441755175590515, 0.8358547687530518, 0.8487140536308289, 0.829046905040741, 0.8343418836593628, 0.891830563545227, 0.8842662572860718, 0.8850226998329163, 0.8956127166748047, 0.8328290581703186, 0.8131618499755859, 0.8645991086959839, 0.8661119341850281, 0.891830563545227, 0.8895612955093384, 0.8963691592216492, 0.8260211944580078, 0.9220877289772034, 0.9077155590057373, 0.9167927503585815, 0.9296520352363586, 0.8751891255378723, 0.9077155590057373, 0.9130105972290039, 0.9009076952934265, 0.9077155590057373, 0.9425113201141357, 0.9304084777832031, 0.9190620183944702, 0.90317702293396, 0.9341906309127808]}, "sequential_1": {"loss": [1.4338228702545166, 1.0922088623046875, 1.04232919216156, 1.0434616804122925, 0.9633448123931885, 0.9794284105300903, 0.9944043755531311, 0.9043451547622681, 0.9088672399520874, 0.9048290252685547, 0.8945630192756653, 0.8889380097389221, 0.85933518409729, 0.806598961353302, 0.7374010682106018, 0.7086524963378906, 0.6353268623352051, 0.6346960067749023, 0.5723268389701843, 0.5661286115646362, 0.4973108172416687, 0.5145756006240845, 0.4921729862689972, 0.4346451461315155, 0.4450870752334595, 0.41984695196151733, 0.37826865911483765, 0.3900124132633209, 0.3626026511192322, 0.3775411546230316, 0.3232763707637787, 0.3226543366909027, 0.30719053745269775, 0.3267901837825775, 0.30184757709503174, 0.31507641077041626, 0.2790660560131073, 0.30364418029785156, 0.2838147282600403, 0.2782318890094757, 0.2835942506790161, 0.24595677852630615, 0.23797807097434998, 0.2564683258533478, 0.24969598650932312, 0.24989797174930573, 0.23662357032299042, 0.22318655252456665, 0.24856296181678772, 0.24014508724212646], "accuracy": [0.44895264506340027, 0.5533119440078735, 0.5591620802879333, 0.5568975210189819, 0.5638799667358398, 0.5670881271362305, 0.5618041157722473, 0.5950179100036621, 0.6121909618377686, 0.6237025856971741, 0.6516323685646057, 0.6365351676940918, 0.6423853635787964, 0.6763540506362915, 0.7122098803520203, 0.7191923260688782, 0.7376863360404968, 0.7527835369110107, 0.7773164510726929, 0.7805246114730835, 0.8120400309562683, 0.8022268414497375, 0.8114738464355469, 0.8350632190704346, 0.8260049223899841, 0.8416682481765747, 0.8629930019378662, 0.8516701459884644, 0.8637478947639465, 0.8577089905738831, 0.8848839402198792, 0.8801660537719727, 0.8869597911834717, 0.8788450360298157, 0.8939422369003296, 0.886393666267395, 0.8952632546424866, 0.8909228444099426, 0.9041328430175781, 0.9014908671379089, 0.8977165222167969, 0.9139460325241089, 0.9133799076080322, 0.9131911396980286, 0.9097943305969238, 0.9130024313926697, 0.9145121574401855, 0.9209284782409668, 0.9116814732551575, 0.9143234491348267], "val_loss": [1.1192655563354492, 1.051826000213623, 1.0765529870986938, 0.9420391321182251, 0.9285754561424255, 0.9493034482002258, 0.869626522064209, 0.8580488562583923, 0.8149304389953613, 0.8003473281860352, 0.8029409050941467, 0.7056862711906433, 0.73624587059021, 0.6960179805755615, 0.6253119707107544, 0.5748363733291626, 0.6593737602233887, 0.47594717144966125, 0.5344728827476501, 0.4714060127735138, 0.3614846467971802, 0.5537731647491455, 0.34157437086105347, 0.3573684096336365, 0.35475239157676697, 0.36364617943763733, 0.34520021080970764, 0.2495691329240799, 0.24134495854377747, 0.2531898617744446, 0.25368615984916687, 0.22758375108242035, 0.2603437602519989, 0.26359838247299194, 0.33481565117836, 0.23658083379268646, 0.284610778093338, 0.20705503225326538, 0.2076789289712906, 0.20493243634700775, 0.19059839844703674, 0.19267383217811584, 0.23922373354434967, 0.2576134204864502, 0.16605481505393982, 0.1788707971572876, 0.1682029366493225, 0.21084052324295044, 0.21004176139831543, 0.18321457505226135],